city,Latitude,Longitude,day,date,tem_day,feelslike_day,pressure,humidity,wind_speed,weather_main,weather_desc,prob_rain,clouds,uvi
Mont Saint Michel,48.6359541,-1.511459954959514,0,30/01/2022,9.34,9.34,1033,73,5.33,Clouds,broken clouds,0.04,61,1.25
Mont Saint Michel,48.6359541,-1.511459954959514,1,31/01/2022,7.93,4.1,1030,77,8.85,Rain,light rain,0.4,95,0.65
Mont Saint Michel,48.6359541,-1.511459954959514,2,01/02/2022,9.85,6.87,1028,94,8.08,Rain,light rain,0.2,100,1.46
Mont Saint Michel,48.6359541,-1.511459954959514,3,02/02/2022,10.78,10.11,1028,84,7.1,Clouds,scattered clouds,0.0,35,1.38
Mont Saint Michel,48.6359541,-1.511459954959514,4,03/02/2022,7.77,4.9,1018,87,4.76,Clouds,overcast clouds,0.0,100,1.09
Mont Saint Michel,48.6359541,-1.511459954959514,5,04/02/2022,8.17,4.57,1024,62,7.05,Rain,light rain,0.75,69,2.0
Mont Saint Michel,48.6359541,-1.511459954959514,6,05/02/2022,10.09,9.11,1030,75,5.54,Rain,light rain,0.36,71,2.0
Mont Saint Michel,48.6359541,-1.511459954959514,7,06/02/2022,11.23,10.42,1031,77,6.58,Clouds,overcast clouds,0.0,97,2.0
St Malo,48.649518,-2.0260409,0,30/01/2022,8.54,7.74,1034,76,6.09,Clouds,broken clouds,0.16,57,1.24
St Malo,48.649518,-2.0260409,1,31/01/2022,8.18,4.12,1031,75,10.3,Clouds,overcast clouds,0.24,99,0.59
St Malo,48.649518,-2.0260409,2,01/02/2022,10.03,9.49,1029,92,9.96,Clouds,overcast clouds,0.05,98,1.47
St Malo,48.649518,-2.0260409,3,02/02/2022,10.18,9.45,1028,84,7.5,Clear,clear sky,0.0,8,1.37
St Malo,48.649518,-2.0260409,4,03/02/2022,8.59,5.5,1018,85,5.87,Rain,light rain,0.2,100,1.14
St Malo,48.649518,-2.0260409,5,04/02/2022,8.42,4.97,1024,63,8.13,Rain,light rain,0.88,58,2.0
St Malo,48.649518,-2.0260409,6,05/02/2022,9.91,6.99,1030,75,6.45,Rain,light rain,0.24,63,2.0
St Malo,48.649518,-2.0260409,7,06/02/2022,11.13,10.34,1031,78,7.72,Clouds,overcast clouds,0.0,95,2.0
Bayeux,49.2764624,-0.7024738,0,30/01/2022,8.78,8.78,1033,69,5.75,Clouds,scattered clouds,0.0,44,1.18
Bayeux,49.2764624,-0.7024738,1,31/01/2022,7.66,3.54,1028,68,9.28,Rain,light rain,0.33,100,0.71
Bayeux,49.2764624,-0.7024738,2,01/02/2022,10.73,10.16,1026,88,8.33,Rain,light rain,0.39,100,0.97
Bayeux,49.2764624,-0.7024738,3,02/02/2022,11.87,11.2,1027,80,7.27,Clouds,few clouds,0.0,24,1.33
Bayeux,49.2764624,-0.7024738,4,03/02/2022,7.95,4.85,1018,83,6.32,Clouds,overcast clouds,0.0,100,0.66
Bayeux,49.2764624,-0.7024738,5,04/02/2022,7.67,3.94,1023,60,8.21,Rain,light rain,0.99,55,1.0
Bayeux,49.2764624,-0.7024738,6,05/02/2022,10.33,9.4,1028,76,7.13,Rain,light rain,0.35,48,1.0
Bayeux,49.2764624,-0.7024738,7,06/02/2022,10.5,9.75,1029,82,9.85,Clouds,overcast clouds,0.0,100,1.0
Le Havre,49.4938975,0.1079732,0,30/01/2022,7.81,7.81,1033,69,6.92,Clouds,few clouds,0.0,17,1.16
Le Havre,49.4938975,0.1079732,1,31/01/2022,7.9,3.41,1027,66,12.13,Rain,light rain,0.46,100,1.04
Le Havre,49.4938975,0.1079732,2,01/02/2022,9.58,6.17,1025,93,10.33,Rain,light rain,0.68,100,0.86
Le Havre,49.4938975,0.1079732,3,02/02/2022,9.6,7.09,1027,91,9.18,Clouds,broken clouds,0.0,67,1.34
Le Havre,49.4938975,0.1079732,4,03/02/2022,7.54,4.06,1018,84,7.42,Rain,light rain,0.2,100,0.73
Le Havre,49.4938975,0.1079732,5,04/02/2022,7.69,3.63,1022,59,8.74,Rain,light rain,0.98,61,1.0
Le Havre,49.4938975,0.1079732,6,05/02/2022,9.27,6.04,1028,84,7.97,Rain,light rain,0.34,52,1.0
Le Havre,49.4938975,0.1079732,7,06/02/2022,9.79,5.89,1029,84,10.26,Clouds,overcast clouds,0.0,97,1.0
Rouen,49.4404591,1.0939658,0,30/01/2022,8.19,8.19,1033,69,4.52,Clear,clear sky,0.0,9,1.14
Rouen,49.4404591,1.0939658,1,31/01/2022,7.56,3.42,1026,65,9.62,Rain,light rain,0.69,91,1.15
Rouen,49.4404591,1.0939658,2,01/02/2022,9.39,6.42,1024,94,9.02,Rain,light rain,0.74,100,0.42
Rouen,49.4404591,1.0939658,3,02/02/2022,10.77,10.07,1026,83,7.27,Clouds,overcast clouds,0.0,87,1.26
Rouen,49.4404591,1.0939658,4,03/02/2022,8.36,5.38,1018,81,5.41,Clouds,overcast clouds,0.0,100,1.03
Rouen,49.4404591,1.0939658,5,04/02/2022,7.52,3.66,1021,61,7.29,Rain,light rain,0.76,62,2.0
Rouen,49.4404591,1.0939658,6,05/02/2022,9.95,7.04,1028,75,6.45,Rain,light rain,0.26,30,2.0
Rouen,49.4404591,1.0939658,7,06/02/2022,10.9,10.08,1028,78,8.85,Clouds,overcast clouds,0.0,90,2.0
Paris,48.8588897,2.3200410217200766,0,30/01/2022,8.29,8.29,1033,64,3.76,Clear,clear sky,0.06,7,1.15
Paris,48.8588897,2.3200410217200766,1,31/01/2022,8.2,4.63,1024,54,7.17,Clouds,overcast clouds,0.36,87,1.11
Paris,48.8588897,2.3200410217200766,2,01/02/2022,7.02,4.05,1024,93,5.19,Rain,light rain,0.71,100,0.21
Paris,48.8588897,2.3200410217200766,3,02/02/2022,10.82,9.99,1026,78,5.47,Clouds,overcast clouds,0.05,99,0.99
Paris,48.8588897,2.3200410217200766,4,03/02/2022,10.33,9.25,1018,70,3.83,Clouds,overcast clouds,0.0,100,1.21
Paris,48.8588897,2.3200410217200766,5,04/02/2022,8.56,5.64,1020,58,5.38,Rain,light rain,1.0,96,2.0
Paris,48.8588897,2.3200410217200766,6,05/02/2022,9.39,7.23,1029,66,4.31,Clouds,few clouds,0.0,18,2.0
Paris,48.8588897,2.3200410217200766,7,06/02/2022,10.97,9.74,1029,62,6.06,Clouds,overcast clouds,0.0,91,2.0
Amiens,49.8941708,2.2956951,0,30/01/2022,7.45,7.45,1033,71,4.61,Clouds,few clouds,0.0,13,1.03
Amiens,49.8941708,2.2956951,1,31/01/2022,6.66,1.84,1023,65,10.32,Rain,light rain,0.66,71,1.01
Amiens,49.8941708,2.2956951,2,01/02/2022,8.96,5.73,1021,92,9.36,Clouds,overcast clouds,0.3,100,0.59
Amiens,49.8941708,2.2956951,3,02/02/2022,11.31,10.61,1024,81,8.34,Clouds,overcast clouds,0.0,92,1.01
Amiens,49.8941708,2.2956951,4,03/02/2022,9.15,6.26,1017,80,5.71,Clouds,overcast clouds,0.0,100,0.98
Amiens,49.8941708,2.2956951,5,04/02/2022,7.02,2.93,1019,60,8.09,Rain,light rain,0.9,67,1.0
Amiens,49.8941708,2.2956951,6,05/02/2022,9.66,6.65,1027,71,7.6,Rain,light rain,0.2,22,1.0
Amiens,49.8941708,2.2956951,7,06/02/2022,10.6,9.75,1026,78,9.71,Clouds,overcast clouds,0.0,100,1.0
Lille,50.6365654,3.0635282,0,30/01/2022,7.53,7.53,1033,67,5.17,Clouds,few clouds,0.0,12,0.93
Lille,50.6365654,3.0635282,1,31/01/2022,6.19,1.3,1021,57,10.35,Rain,light rain,0.79,63,0.56
Lille,50.6365654,3.0635282,2,01/02/2022,8.74,5.56,1019,89,8.07,Rain,light rain,0.2,100,0.89
Lille,50.6365654,3.0635282,3,02/02/2022,11.03,10.3,1023,81,7.74,Clouds,overcast clouds,0.31,100,0.23
Lille,50.6365654,3.0635282,4,03/02/2022,8.86,6.05,1017,78,5.62,Clouds,overcast clouds,0.0,100,0.67
Lille,50.6365654,3.0635282,5,04/02/2022,6.79,2.84,1018,58,6.91,Rain,light rain,1.0,52,1.0
Lille,50.6365654,3.0635282,6,05/02/2022,9.84,6.81,1025,68,7.65,Clouds,few clouds,0.0,16,1.0
Lille,50.6365654,3.0635282,7,06/02/2022,10.3,9.47,1023,80,11.38,Clouds,overcast clouds,0.0,100,1.0
Strasbourg,48.584614,7.7507127,0,30/01/2022,7.61,5.39,1032,63,4.99,Rain,light rain,0.45,74,1.05
Strasbourg,48.584614,7.7507127,1,31/01/2022,4.94,0.24,1018,73,8.91,Rain,light rain,1.0,92,0.47
Strasbourg,48.584614,7.7507127,2,01/02/2022,4.23,0.15,1025,65,6.49,Rain,light rain,1.0,99,0.86
Strasbourg,48.584614,7.7507127,3,02/02/2022,6.69,5.23,1022,96,5.27,Rain,light rain,1.0,100,0.7
Strasbourg,48.584614,7.7507127,4,03/02/2022,9.79,9.36,1019,78,2.83,Rain,light rain,0.4,100,0.48
Strasbourg,48.584614,7.7507127,5,04/02/2022,10.13,9.05,1016,71,6.67,Rain,light rain,1.0,99,1.0
Strasbourg,48.584614,7.7507127,6,05/02/2022,6.86,4.11,1030,65,4.08,Clouds,overcast clouds,0.09,94,1.0
Strasbourg,48.584614,7.7507127,7,06/02/2022,9.12,5.94,1030,63,6.57,Clouds,overcast clouds,0.0,92,1.0
Chateau du Haut Koenigsbourg,48.249489800000006,7.34429620253195,0,30/01/2022,4.22,2.04,1032,74,2.43,Rain,light rain,0.45,91,0.68
Chateau du Haut Koenigsbourg,48.249489800000006,7.34429620253195,1,31/01/2022,1.76,-3.44,1019,80,7.31,Snow,rain and snow,1.0,93,0.27
Chateau du Haut Koenigsbourg,48.249489800000006,7.34429620253195,2,01/02/2022,0.9,-2.63,1025,69,3.87,Snow,rain and snow,1.0,97,0.93
Chateau du Haut Koenigsbourg,48.249489800000006,7.34429620253195,3,02/02/2022,5.12,2.39,1022,93,3.77,Rain,light rain,1.0,100,0.55
Chateau du Haut Koenigsbourg,48.249489800000006,7.34429620253195,4,03/02/2022,7.41,7.41,1018,78,1.76,Rain,light rain,0.55,100,0.87
Chateau du Haut Koenigsbourg,48.249489800000006,7.34429620253195,5,04/02/2022,6.92,3.89,1017,77,5.04,Rain,light rain,1.0,100,1.0
Chateau du Haut Koenigsbourg,48.249489800000006,7.34429620253195,6,05/02/2022,3.75,2.25,1030,70,2.36,Clouds,overcast clouds,0.07,96,1.0
Chateau du Haut Koenigsbourg,48.249489800000006,7.34429620253195,7,06/02/2022,5.65,2.42,1030,67,4.45,Clouds,overcast clouds,0.0,90,1.0
Colmar,48.0777517,7.3579641,0,30/01/2022,8.43,8.43,1032,69,3.17,Rain,light rain,0.38,82,0.68
Colmar,48.0777517,7.3579641,1,31/01/2022,4.63,0.79,1019,80,7.3,Snow,rain and snow,1.0,98,0.27
Colmar,48.0777517,7.3579641,2,01/02/2022,4.22,0.99,1026,64,4.79,Snow,rain and snow,1.0,98,0.93
Colmar,48.0777517,7.3579641,3,02/02/2022,7.47,5.41,1022,91,3.38,Rain,light rain,1.0,100,0.55
Colmar,48.0777517,7.3579641,4,03/02/2022,10.35,9.4,1019,75,1.91,Rain,light rain,0.63,100,0.87
Colmar,48.0777517,7.3579641,5,04/02/2022,9.77,7.36,1017,78,4.85,Rain,light rain,1.0,99,1.0
Colmar,48.0777517,7.3579641,6,05/02/2022,7.36,6.32,1030,64,2.17,Clouds,broken clouds,0.17,72,1.0
Colmar,48.0777517,7.3579641,7,06/02/2022,8.43,5.88,1031,66,4.41,Clouds,overcast clouds,0.0,85,1.0
Eguisheim,48.0447968,7.3079618,0,30/01/2022,8.64,8.64,1032,68,2.89,Rain,light rain,0.39,78,0.68
Eguisheim,48.0447968,7.3079618,1,31/01/2022,4.5,0.81,1019,81,7.15,Snow,rain and snow,1.0,99,0.27
Eguisheim,48.0447968,7.3079618,2,01/02/2022,4.28,1.35,1026,64,4.34,Snow,rain and snow,1.0,99,0.93
Eguisheim,48.0447968,7.3079618,3,02/02/2022,7.49,5.5,1022,91,3.23,Rain,light rain,1.0,100,0.55
Eguisheim,48.0447968,7.3079618,4,03/02/2022,10.4,9.45,1019,75,1.89,Rain,light rain,0.65,99,0.87
Eguisheim,48.0447968,7.3079618,5,04/02/2022,9.57,7.34,1017,79,4.3,Rain,light rain,1.0,99,1.0
Eguisheim,48.0447968,7.3079618,6,05/02/2022,7.52,6.95,1030,64,2.13,Clouds,broken clouds,0.16,70,1.0
Eguisheim,48.0447968,7.3079618,7,06/02/2022,8.28,5.95,1031,66,3.88,Clouds,overcast clouds,0.0,89,1.0
Besancon,47.2380222,6.0243622,0,30/01/2022,7.37,6.44,1033,87,2.59,Rain,light rain,0.36,94,1.16
Besancon,47.2380222,6.0243622,1,31/01/2022,4.05,0.04,1023,94,6.12,Snow,rain and snow,1.0,100,0.61
Besancon,47.2380222,6.0243622,2,01/02/2022,3.66,0.67,1028,72,5.85,Snow,rain and snow,1.0,80,1.36
Besancon,47.2380222,6.0243622,3,02/02/2022,6.13,3.44,1026,98,5.77,Rain,light rain,1.0,100,0.54
Besancon,47.2380222,6.0243622,4,03/02/2022,9.59,9.59,1019,78,3.07,Rain,light rain,0.25,93,1.29
Besancon,47.2380222,6.0243622,5,04/02/2022,8.87,6.06,1020,86,5.61,Rain,moderate rain,1.0,100,2.0
Besancon,47.2380222,6.0243622,6,05/02/2022,6.76,6.76,1031,69,1.4,Clouds,scattered clouds,0.34,39,2.0
Besancon,47.2380222,6.0243622,7,06/02/2022,7.21,4.53,1034,73,4.08,Clouds,broken clouds,0.0,51,2.0
Dijon,47.3215806,5.0414701,0,30/01/2022,8.03,6.39,1033,83,2.64,Clouds,overcast clouds,0.09,86,1.11
Dijon,47.3215806,5.0414701,1,31/01/2022,6.53,2.56,1023,71,7.88,Snow,rain and snow,0.8,99,0.77
Dijon,47.3215806,5.0414701,2,01/02/2022,4.6,1.89,1028,73,5.35,Rain,light rain,0.95,98,1.19
Dijon,47.3215806,5.0414701,3,02/02/2022,7.97,5.09,1026,94,6.37,Rain,light rain,0.76,100,0.47
Dijon,47.3215806,5.0414701,4,03/02/2022,10.0,10.0,1019,77,2.89,Clouds,overcast clouds,0.0,87,1.4
Dijon,47.3215806,5.0414701,5,04/02/2022,10.09,9.17,1020,77,6.37,Rain,light rain,1.0,92,2.0
Dijon,47.3215806,5.0414701,6,05/02/2022,7.38,6.47,1031,66,2.55,Clouds,scattered clouds,0.0,27,2.0
Dijon,47.3215806,5.0414701,7,06/02/2022,8.53,6.07,1033,68,4.27,Clouds,broken clouds,0.0,66,2.0
Annecy,45.8992348,6.1288847,0,30/01/2022,7.7,6.37,1031,78,2.67,Clouds,scattered clouds,0.0,27,1.5
Annecy,45.8992348,6.1288847,1,31/01/2022,4.44,3.14,1024,86,1.67,Snow,light snow,0.98,100,0.53
Annecy,45.8992348,6.1288847,2,01/02/2022,3.23,0.78,1028,66,2.53,Snow,rain and snow,1.0,53,1.67
Annecy,45.8992348,6.1288847,3,02/02/2022,4.55,4.55,1028,99,1.52,Snow,rain and snow,1.0,100,1.34
Annecy,45.8992348,6.1288847,4,03/02/2022,9.26,9.26,1019,85,1.66,Clouds,overcast clouds,0.0,88,1.61
Annecy,45.8992348,6.1288847,5,04/02/2022,8.27,8.27,1022,85,1.41,Rain,light rain,1.0,86,2.0
Annecy,45.8992348,6.1288847,6,05/02/2022,6.31,4.79,1029,71,2.11,Rain,light rain,0.95,40,2.0
Annecy,45.8992348,6.1288847,7,06/02/2022,8.21,8.21,1033,60,1.11,Clouds,scattered clouds,0.0,26,2.0
Grenoble,45.1875602,5.7357819,0,30/01/2022,8.84,6.77,1030,74,3.85,Clouds,scattered clouds,0.0,28,1.21
Grenoble,45.1875602,5.7357819,1,31/01/2022,6.36,4.41,1024,85,3.29,Snow,rain and snow,0.72,100,0.51
Grenoble,45.1875602,5.7357819,2,01/02/2022,4.28,0.52,1027,68,4.83,Rain,light rain,0.75,35,1.72
Grenoble,45.1875602,5.7357819,3,02/02/2022,7.94,5.91,1026,98,3.42,Rain,light rain,0.86,100,1.39
Grenoble,45.1875602,5.7357819,4,03/02/2022,13.9,13.07,1018,66,1.85,Clouds,broken clouds,0.0,76,1.69
Grenoble,45.1875602,5.7357819,5,04/02/2022,11.46,10.67,1021,77,2.23,Rain,light rain,0.48,36,2.0
Grenoble,45.1875602,5.7357819,6,05/02/2022,7.27,5.29,1029,79,2.95,Rain,light rain,0.32,93,2.0
Grenoble,45.1875602,5.7357819,7,06/02/2022,10.1,8.58,1033,54,1.75,Clear,clear sky,0.0,10,2.0
Lyon,45.7578137,4.8320114,0,30/01/2022,9.07,6.96,1032,75,4.89,Clouds,overcast clouds,0.0,93,1.35
Lyon,45.7578137,4.8320114,1,31/01/2022,5.86,5.86,1025,79,5.66,Snow,rain and snow,0.63,100,0.77
Lyon,45.7578137,4.8320114,2,01/02/2022,4.76,1.61,1029,61,3.92,Snow,rain and snow,0.65,25,1.59
Lyon,45.7578137,4.8320114,3,02/02/2022,7.19,7.19,1027,96,2.14,Rain,light rain,0.75,100,0.43
Lyon,45.7578137,4.8320114,4,03/02/2022,9.31,9.31,1019,76,1.99,Clouds,overcast clouds,0.0,94,1.67
Lyon,45.7578137,4.8320114,5,04/02/2022,11.46,10.28,1022,62,3.42,Rain,light rain,0.76,93,2.0
Lyon,45.7578137,4.8320114,6,05/02/2022,8.03,5.73,1030,51,4.28,Rain,light rain,0.42,3,2.0
Lyon,45.7578137,4.8320114,7,06/02/2022,8.52,8.52,1035,60,1.25,Clouds,scattered clouds,0.0,36,2.0
Gorges du Verdon,43.7496562,6.3285616,0,30/01/2022,13.82,11.91,1019,25,2.12,Clear,clear sky,0.0,4,1.87
Gorges du Verdon,43.7496562,6.3285616,1,31/01/2022,6.73,2.99,1012,45,6.89,Clouds,scattered clouds,0.0,40,1.74
Gorges du Verdon,43.7496562,6.3285616,2,01/02/2022,7.16,6.05,1014,31,2.99,Clear,clear sky,0.0,2,2.01
Gorges du Verdon,43.7496562,6.3285616,3,02/02/2022,12.84,11.3,1013,43,4.69,Clear,clear sky,0.0,2,1.96
Gorges du Verdon,43.7496562,6.3285616,4,03/02/2022,12.54,10.76,1019,35,2.99,Clouds,broken clouds,0.0,66,1.94
Gorges du Verdon,43.7496562,6.3285616,5,04/02/2022,10.35,8.72,1016,49,3.65,Clouds,scattered clouds,0.0,40,2.0
Gorges du Verdon,43.7496562,6.3285616,6,05/02/2022,11.4,9.72,1021,43,2.66,Clear,clear sky,0.0,2,2.0
Gorges du Verdon,43.7496562,6.3285616,7,06/02/2022,10.46,8.76,1029,46,2.23,Clear,clear sky,0.0,0,2.0
Bormes les Mimosas,43.1572172,6.329253867921363,0,30/01/2022,12.15,10.54,1021,43,2.77,Clear,clear sky,0.0,1,1.95
Bormes les Mimosas,43.1572172,6.329253867921363,1,31/01/2022,12.16,10.61,1011,45,16.97,Clouds,scattered clouds,0.0,25,1.75
Bormes les Mimosas,43.1572172,6.329253867921363,2,01/02/2022,9.16,6.76,1015,39,6.15,Clear,clear sky,0.0,10,2.04
Bormes les Mimosas,43.1572172,6.329253867921363,3,02/02/2022,15.55,14.41,1013,48,7.68,Clear,clear sky,0.0,5,2.06
Bormes les Mimosas,43.1572172,6.329253867921363,4,03/02/2022,13.99,13.3,1020,71,4.52,Clouds,broken clouds,0.0,65,1.99
Bormes les Mimosas,43.1572172,6.329253867921363,5,04/02/2022,14.42,13.41,1017,57,6.47,Clouds,few clouds,0.0,20,2.0
Bormes les Mimosas,43.1572172,6.329253867921363,6,05/02/2022,13.29,12.16,1022,57,3.96,Clouds,broken clouds,0.0,82,2.0
Bormes les Mimosas,43.1572172,6.329253867921363,7,06/02/2022,12.93,11.71,1031,55,3.61,Clear,clear sky,0.0,0,2.0
Cassis,43.2140359,5.5396318,0,30/01/2022,11.84,10.28,1021,46,5.43,Clear,clear sky,0.0,0,1.95
Cassis,43.2140359,5.5396318,1,31/01/2022,10.53,9.21,1016,60,19.28,Clouds,scattered clouds,0.0,34,1.73
Cassis,43.2140359,5.5396318,2,01/02/2022,8.02,3.45,1017,48,17.24,Clouds,few clouds,0.0,12,2.05
Cassis,43.2140359,5.5396318,3,02/02/2022,14.21,13.33,1015,63,16.22,Clear,clear sky,0.0,1,2.06
Cassis,43.2140359,5.5396318,4,03/02/2022,14.61,13.43,1020,50,3.74,Clouds,scattered clouds,0.0,48,1.99
Cassis,43.2140359,5.5396318,5,04/02/2022,13.48,12.37,1018,57,11.17,Clouds,broken clouds,0.0,54,2.0
Cassis,43.2140359,5.5396318,6,05/02/2022,12.61,11.23,1023,50,11.69,Clouds,overcast clouds,0.0,86,2.0
Cassis,43.2140359,5.5396318,7,06/02/2022,12.3,11.18,1031,61,3.03,Clear,clear sky,0.0,0,2.0
Marseille,43.2961743,5.3699525,0,30/01/2022,11.05,9.7,1022,57,7.87,Clear,clear sky,0.0,0,1.94
Marseille,43.2961743,5.3699525,1,31/01/2022,10.43,9.12,1017,61,18.93,Clouds,scattered clouds,0.0,39,1.73
Marseille,43.2961743,5.3699525,2,01/02/2022,7.69,2.4,1018,51,18.65,Clear,clear sky,0.0,4,2.03
Marseille,43.2961743,5.3699525,3,02/02/2022,14.01,13.14,1016,64,16.88,Clear,clear sky,0.0,1,2.05
Marseille,43.2961743,5.3699525,4,03/02/2022,14.02,12.89,1020,54,5.32,Clouds,scattered clouds,0.0,45,1.96
Marseille,43.2961743,5.3699525,5,04/02/2022,13.48,12.37,1019,57,11.74,Clouds,broken clouds,0.0,58,2.0
Marseille,43.2961743,5.3699525,6,05/02/2022,11.6,10.17,1023,52,12.94,Clouds,broken clouds,0.0,76,2.0
Marseille,43.2961743,5.3699525,7,06/02/2022,11.9,10.66,1031,58,4.65,Clear,clear sky,0.0,0,2.0
Aix en Provence,43.5298424,5.4474738,0,30/01/2022,10.02,8.44,1022,52,3.0,Clear,clear sky,0.0,2,1.87
Aix en Provence,43.5298424,5.4474738,1,31/01/2022,9.41,5.07,1016,55,14.57,Clouds,scattered clouds,0.0,43,1.71
Aix en Provence,43.5298424,5.4474738,2,01/02/2022,7.22,3.41,1017,39,10.18,Clear,clear sky,0.0,1,1.98
Aix en Provence,43.5298424,5.4474738,3,02/02/2022,13.98,12.92,1016,57,10.16,Clear,clear sky,0.0,0,1.98
Aix en Provence,43.5298424,5.4474738,4,03/02/2022,14.1,12.56,1020,38,2.42,Clouds,scattered clouds,0.0,46,1.89
Aix en Provence,43.5298424,5.4474738,5,04/02/2022,13.18,11.94,1018,53,8.23,Clouds,broken clouds,0.0,59,2.0
Aix en Provence,43.5298424,5.4474738,6,05/02/2022,11.08,9.5,1023,48,6.59,Clouds,scattered clouds,0.0,40,2.0
Aix en Provence,43.5298424,5.4474738,7,06/02/2022,12.12,10.72,1031,51,2.88,Clear,clear sky,0.0,0,2.0
Avignon,43.9492493,4.8059012,0,30/01/2022,11.0,9.85,1024,65,14.0,Clear,clear sky,0.0,2,1.9
Avignon,43.9492493,4.8059012,1,31/01/2022,9.98,6.09,1021,57,16.49,Clouds,broken clouds,0.0,62,1.71
Avignon,43.9492493,4.8059012,2,01/02/2022,7.36,1.77,1021,46,15.22,Clear,clear sky,0.0,4,1.99
Avignon,43.9492493,4.8059012,3,02/02/2022,14.35,13.41,1020,60,13.57,Clear,clear sky,0.0,1,2.01
Avignon,43.9492493,4.8059012,4,03/02/2022,13.81,12.5,1020,48,11.64,Clouds,broken clouds,0.0,52,1.89
Avignon,43.9492493,4.8059012,5,04/02/2022,15.03,13.87,1020,49,8.73,Clouds,scattered clouds,0.0,32,2.0
Avignon,43.9492493,4.8059012,6,05/02/2022,10.63,8.87,1025,43,11.59,Clear,clear sky,0.0,2,2.0
Avignon,43.9492493,4.8059012,7,06/02/2022,11.59,9.95,1032,44,7.26,Clear,clear sky,0.0,0,2.0
Uzes,44.0121279,4.4196718,0,30/01/2022,13.17,11.9,1025,52,10.73,Clear,clear sky,0.0,0,1.9
Uzes,44.0121279,4.4196718,1,31/01/2022,10.92,9.37,1021,50,11.81,Clouds,broken clouds,0.0,62,1.38
Uzes,44.0121279,4.4196718,2,01/02/2022,8.83,4.53,1022,37,10.95,Clear,clear sky,0.0,2,1.98
Uzes,44.0121279,4.4196718,3,02/02/2022,16.14,15.04,1021,47,10.44,Clear,clear sky,0.0,2,1.12
Uzes,44.0121279,4.4196718,4,03/02/2022,13.76,12.52,1020,51,6.98,Clouds,scattered clouds,0.0,42,1.92
Uzes,44.0121279,4.4196718,5,04/02/2022,15.88,14.67,1020,44,5.35,Clouds,few clouds,0.0,19,2.0
Uzes,44.0121279,4.4196718,6,05/02/2022,12.1,10.07,1026,27,8.48,Clear,clear sky,0.0,1,2.0
Uzes,44.0121279,4.4196718,7,06/02/2022,11.74,10.09,1032,43,5.42,Clear,clear sky,0.0,0,2.0
Nimes,43.8374249,4.3600687,0,30/01/2022,13.89,12.61,1025,49,9.1,Clear,clear sky,0.0,0,1.92
Nimes,43.8374249,4.3600687,1,31/01/2022,11.34,9.78,1021,48,10.52,Clouds,broken clouds,0.0,61,1.64
Nimes,43.8374249,4.3600687,2,01/02/2022,9.62,5.78,1022,35,9.82,Clear,clear sky,0.0,2,2.03
Nimes,43.8374249,4.3600687,3,02/02/2022,16.87,15.76,1021,44,9.75,Clear,clear sky,0.0,0,2.04
Nimes,43.8374249,4.3600687,4,03/02/2022,14.25,12.98,1020,48,6.49,Clouds,scattered clouds,0.0,35,1.91
Nimes,43.8374249,4.3600687,5,04/02/2022,16.39,15.21,1020,43,6.33,Clouds,scattered clouds,0.0,30,2.0
Nimes,43.8374249,4.3600687,6,05/02/2022,12.94,10.94,1026,25,8.31,Clouds,few clouds,0.0,15,2.0
Nimes,43.8374249,4.3600687,7,06/02/2022,12.4,10.71,1032,39,4.82,Clear,clear sky,0.0,0,2.0
Aigues Mortes,43.5658225,4.1912837,0,30/01/2022,13.0,11.74,1026,53,5.64,Clear,clear sky,0.0,0,1.92
Aigues Mortes,43.5658225,4.1912837,1,31/01/2022,10.94,9.45,1022,52,11.66,Clouds,broken clouds,0.0,60,1.64
Aigues Mortes,43.5658225,4.1912837,2,01/02/2022,10.29,8.39,1023,39,11.38,Clear,clear sky,0.0,2,2.03
Aigues Mortes,43.5658225,4.1912837,3,02/02/2022,16.63,15.58,1022,47,10.55,Clear,clear sky,0.0,0,2.04
Aigues Mortes,43.5658225,4.1912837,4,03/02/2022,13.4,12.21,1020,54,5.0,Clouds,scattered clouds,0.0,33,1.91
Aigues Mortes,43.5658225,4.1912837,5,04/02/2022,15.29,14.28,1020,54,7.87,Clouds,scattered clouds,0.0,39,2.0
Aigues Mortes,43.5658225,4.1912837,6,05/02/2022,13.11,11.39,1026,35,7.93,Clouds,broken clouds,0.0,57,2.0
Aigues Mortes,43.5658225,4.1912837,7,06/02/2022,11.76,10.04,1032,40,4.6,Clear,clear sky,0.0,0,2.0
Saintes Maries de la mer,43.4522771,4.4287172,0,30/01/2022,13.33,12.18,1025,56,9.6,Clear,clear sky,0.0,0,1.89
Saintes Maries de la mer,43.4522771,4.4287172,1,31/01/2022,10.7,9.24,1022,54,13.84,Clouds,broken clouds,0.0,57,1.75
Saintes Maries de la mer,43.4522771,4.4287172,2,01/02/2022,9.94,5.52,1022,41,13.48,Clouds,few clouds,0.0,16,2.06
Saintes Maries de la mer,43.4522771,4.4287172,3,02/02/2022,16.36,15.36,1021,50,10.74,Clear,clear sky,0.0,1,2.08
Saintes Maries de la mer,43.4522771,4.4287172,4,03/02/2022,13.37,12.25,1020,57,9.28,Clouds,scattered clouds,0.0,39,1.96
Saintes Maries de la mer,43.4522771,4.4287172,5,04/02/2022,14.97,14.04,1020,58,8.3,Clouds,scattered clouds,0.0,49,2.0
Saintes Maries de la mer,43.4522771,4.4287172,6,05/02/2022,12.65,10.94,1025,37,11.97,Clouds,broken clouds,0.0,61,2.0
Saintes Maries de la mer,43.4522771,4.4287172,7,06/02/2022,11.98,10.46,1032,47,8.63,Clear,clear sky,0.0,0,2.0
Collioure,42.52505,3.0831554,0,30/01/2022,15.76,14.49,1026,42,6.12,Clear,clear sky,0.0,2,1.98
Collioure,42.52505,3.0831554,1,31/01/2022,12.89,11.78,1023,59,16.68,Clouds,scattered clouds,0.13,41,1.47
Collioure,42.52505,3.0831554,2,01/02/2022,11.88,10.32,1022,46,17.56,Clear,clear sky,0.05,4,2.09
Collioure,42.52505,3.0831554,3,02/02/2022,15.73,14.79,1024,55,10.88,Clear,clear sky,0.0,0,2.1
Collioure,42.52505,3.0831554,4,03/02/2022,14.92,14.01,1020,59,4.94,Clouds,broken clouds,0.0,51,2.05
Collioure,42.52505,3.0831554,5,04/02/2022,15.58,14.63,1022,55,8.78,Clouds,scattered clouds,0.0,43,3.0
Collioure,42.52505,3.0831554,6,05/02/2022,13.92,12.83,1026,56,7.86,Clouds,overcast clouds,0.0,88,3.0
Collioure,42.52505,3.0831554,7,06/02/2022,13.21,11.58,1032,38,4.07,Clear,clear sky,0.0,0,3.0
Carcassonne,43.2130358,2.3491069,0,30/01/2022,10.29,9.15,1030,68,7.06,Clear,clear sky,0.0,9,1.88
Carcassonne,43.2130358,2.3491069,1,31/01/2022,8.16,3.77,1027,87,11.42,Rain,light rain,0.41,99,0.52
Carcassonne,43.2130358,2.3491069,2,01/02/2022,8.33,3.51,1029,64,12.38,Clouds,broken clouds,0.29,54,0.98
Carcassonne,43.2130358,2.3491069,3,02/02/2022,12.72,11.82,1028,68,9.35,Clouds,broken clouds,0.11,52,0.83
Carcassonne,43.2130358,2.3491069,4,03/02/2022,13.26,11.97,1021,51,5.49,Clouds,broken clouds,0.0,69,2.0
Carcassonne,43.2130358,2.3491069,5,04/02/2022,10.58,9.83,1024,82,6.63,Rain,light rain,0.27,99,2.0
Carcassonne,43.2130358,2.3491069,6,05/02/2022,11.02,9.8,1029,62,7.52,Clouds,overcast clouds,0.0,92,2.0
Carcassonne,43.2130358,2.3491069,7,06/02/2022,11.16,9.66,1033,51,4.73,Clear,clear sky,0.0,0,2.0
Ariege,42.9455368,1.4065544156065486,0,30/01/2022,6.06,4.96,1031,55,2.01,Clear,clear sky,0.0,2,2.01
Ariege,42.9455368,1.4065544156065486,1,31/01/2022,2.38,-0.36,1030,81,3.92,Snow,rain and snow,0.49,94,1.06
Ariege,42.9455368,1.4065544156065486,2,01/02/2022,1.08,-1.73,1032,74,3.45,Snow,light snow,0.49,73,1.69
Ariege,42.9455368,1.4065544156065486,3,02/02/2022,7.48,6.71,1029,70,2.25,Clouds,few clouds,0.0,16,2.23
Ariege,42.9455368,1.4065544156065486,4,03/02/2022,8.36,7.2,1021,56,2.73,Clouds,broken clouds,0.0,67,2.07
Ariege,42.9455368,1.4065544156065486,5,04/02/2022,4.25,2.79,1025,80,1.74,Rain,light rain,0.24,88,3.0
Ariege,42.9455368,1.4065544156065486,6,05/02/2022,3.52,1.78,1030,80,2.28,Clouds,overcast clouds,0.0,100,3.0
Ariege,42.9455368,1.4065544156065486,7,06/02/2022,5.73,4.26,1033,51,2.02,Clear,clear sky,0.0,0,3.0
Toulouse,43.6044622,1.4442469,0,30/01/2022,9.7,8.02,1032,69,3.63,Clear,clear sky,0.0,4,1.82
Toulouse,43.6044622,1.4442469,1,31/01/2022,8.2,4.83,1029,86,8.18,Rain,light rain,0.29,100,0.87
Toulouse,43.6044622,1.4442469,2,01/02/2022,6.25,2.35,1033,75,7.02,Clouds,scattered clouds,0.17,42,1.33
Toulouse,43.6044622,1.4442469,3,02/02/2022,11.97,11.05,1030,70,5.95,Clouds,overcast clouds,0.02,90,1.0
Toulouse,43.6044622,1.4442469,4,03/02/2022,11.37,10.16,1022,61,4.72,Clouds,broken clouds,0.0,80,1.86
Toulouse,43.6044622,1.4442469,5,04/02/2022,10.22,9.52,1025,85,4.53,Rain,light rain,0.23,100,2.0
Toulouse,43.6044622,1.4442469,6,05/02/2022,10.3,8.87,1030,57,4.42,Clouds,scattered clouds,0.0,45,2.0
Toulouse,43.6044622,1.4442469,7,06/02/2022,9.22,8.23,1035,56,2.94,Clear,clear sky,0.0,0,2.0
Montauban,44.0175835,1.3549991,0,30/01/2022,10.27,9.21,1032,71,3.88,Clear,clear sky,0.0,5,1.48
Montauban,44.0175835,1.3549991,1,31/01/2022,8.46,5.37,1029,88,7.47,Clouds,overcast clouds,0.15,100,0.78
Montauban,44.0175835,1.3549991,2,01/02/2022,5.79,2.08,1033,82,7.15,Clouds,broken clouds,0.0,62,1.03
Montauban,44.0175835,1.3549991,3,02/02/2022,11.96,11.17,1030,75,5.97,Clouds,overcast clouds,0.04,98,1.08
Montauban,44.0175835,1.3549991,4,03/02/2022,11.28,10.13,1021,64,4.25,Clouds,broken clouds,0.0,58,1.77
Montauban,44.0175835,1.3549991,5,04/02/2022,10.61,9.95,1025,85,4.64,Rain,light rain,0.24,100,2.0
Montauban,44.0175835,1.3549991,6,05/02/2022,9.81,7.94,1030,58,3.91,Clear,clear sky,0.0,1,2.0
Montauban,44.0175835,1.3549991,7,06/02/2022,8.91,7.81,1035,59,2.38,Clear,clear sky,0.0,0,2.0
Biarritz,43.471143749999996,-1.552726590666314,0,30/01/2022,9.04,7.23,1032,72,3.22,Clear,clear sky,0.0,0,1.85
Biarritz,43.471143749999996,-1.552726590666314,1,31/01/2022,11.31,10.59,1032,80,6.54,Rain,light rain,0.91,88,1.26
Biarritz,43.471143749999996,-1.552726590666314,2,01/02/2022,8.07,8.07,1035,74,5.33,Rain,light rain,0.51,57,1.45
Biarritz,43.471143749999996,-1.552726590666314,3,02/02/2022,12.25,11.44,1029,73,3.98,Clouds,scattered clouds,0.0,47,1.95
Biarritz,43.471143749999996,-1.552726590666314,4,03/02/2022,12.19,11.53,1023,79,5.5,Clouds,overcast clouds,0.0,98,1.88
Biarritz,43.471143749999996,-1.552726590666314,5,04/02/2022,11.43,10.85,1026,85,4.01,Rain,light rain,0.44,100,2.0
Biarritz,43.471143749999996,-1.552726590666314,6,05/02/2022,9.08,9.08,1031,79,2.88,Rain,light rain,0.29,89,2.0
Biarritz,43.471143749999996,-1.552726590666314,7,06/02/2022,9.73,8.56,1035,58,3.08,Clear,clear sky,0.0,0,2.0
Bayonne,43.4933379,-1.475099,0,30/01/2022,9.5,7.85,1033,72,3.11,Clear,clear sky,0.0,0,1.88
Bayonne,43.4933379,-1.475099,1,31/01/2022,11.77,11.07,1032,79,5.92,Rain,light rain,0.9,87,1.25
Bayonne,43.4933379,-1.475099,2,01/02/2022,8.55,8.55,1035,73,4.33,Rain,light rain,0.48,55,1.7
Bayonne,43.4933379,-1.475099,3,02/02/2022,12.9,12.1,1029,71,3.93,Clouds,scattered clouds,0.0,37,2.07
Bayonne,43.4933379,-1.475099,4,03/02/2022,12.46,11.82,1023,79,5.63,Clouds,overcast clouds,0.0,97,1.88
Bayonne,43.4933379,-1.475099,5,04/02/2022,11.74,11.19,1026,85,3.83,Rain,light rain,0.43,100,2.0
Bayonne,43.4933379,-1.475099,6,05/02/2022,9.72,9.72,1031,79,2.82,Rain,light rain,0.27,87,2.0
Bayonne,43.4933379,-1.475099,7,06/02/2022,10.31,8.86,1035,56,2.86,Clear,clear sky,0.0,0,2.0
La Rochelle,46.1591126,-1.1520434,0,30/01/2022,8.67,8.07,1034,88,4.87,Clouds,overcast clouds,0.0,100,0.67
La Rochelle,46.1591126,-1.1520434,1,31/01/2022,9.07,5.8,1031,72,6.98,Rain,light rain,0.2,64,1.42
La Rochelle,46.1591126,-1.1520434,2,01/02/2022,9.55,6.42,1031,86,6.89,Clouds,broken clouds,0.0,72,1.55
La Rochelle,46.1591126,-1.1520434,3,02/02/2022,10.32,9.34,1029,74,4.52,Clouds,broken clouds,0.0,75,0.72
La Rochelle,46.1591126,-1.1520434,4,03/02/2022,9.21,7.09,1021,83,4.59,Rain,light rain,0.2,81,1.45
La Rochelle,46.1591126,-1.1520434,5,04/02/2022,9.35,6.48,1024,90,5.82,Rain,light rain,0.25,67,2.0
La Rochelle,46.1591126,-1.1520434,6,05/02/2022,7.5,6.55,1033,70,2.6,Clear,clear sky,0.0,6,2.0
La Rochelle,46.1591126,-1.1520434,7,06/02/2022,9.18,7.01,1035,78,3.96,Clouds,broken clouds,0.0,72,2.0
